{
  "IcoMoonType": "selection",
  "icons": [
    {
      "icon": {
        "paths": [
          "M1024.034 511.454c-0.068-136.772-53.316-265.353-150.016-362.121-96.7-96.734-225.246-150.050-361.984-150.118-136.772-0.034-265.387 53.214-362.121 149.982-96.734 96.802-149.948 225.451-149.948 362.223 0.068 136.772 53.35 265.387 150.050 362.121s225.28 150.050 361.95 150.084c136.841 0.068 265.455-53.214 362.155-150.016 96.734-96.7 149.982-225.314 149.914-362.155v0zM667.102 718.575l-155.204-155.273-155.853 155.887c-14.37 14.37-37.547 14.404-51.849 0.102-14.268-14.268-14.268-37.478 0.102-51.849l155.853-155.887-155.204-155.273c-14.234-14.234-14.165-37.478 0.171-51.814s37.547-14.404 51.849-0.102l155.204 155.273 155.819-155.921c14.336-14.336 37.547-14.404 51.849-0.102 14.268 14.268 14.234 37.513-0.102 51.849l-155.853 155.921 155.204 155.238c14.302 14.302 14.234 37.513-0.102 51.849-14.37 14.37-37.581 14.438-51.883 0.102v0z"
        ],
        "attrs": [
          {}
        ],
        "isMulticolor": false,
        "isMulticolor2": false,
        "grid": 0,
        "tags": [
          "clean"
        ]
      },
      "attrs": [
        {}
      ],
      "properties": {
        "order": 272,
        "id": 1,
        "name": "clean",
        "prevSize": 32,
        "code": 59648
      },
      "setIdx": 0,
      "setId": 17,
      "iconIdx": 0
    },
    {
      "icon": {
        "paths": [
          "M921.054 911.667l-171.349-177.63c77.892-77.585 126.601-186.436 126.601-307.268 0-235.486-184.183-426.428-411.341-426.428s-411.341 190.942-411.341 426.428c0 235.486 184.183 426.394 411.341 426.394 64.307 0 124.962-15.735 179.166-43.008l187.426 194.287c24.713 25.634 64.785 25.634 89.498 0 24.747-25.634 24.747-67.174 0-92.774zM180.19 426.769c0-163.055 127.488-295.219 284.774-295.219s284.774 132.164 284.774 295.219c0 163.021-127.488 295.185-284.774 295.185-157.252 0-284.774-132.164-284.774-295.185z"
        ],
        "attrs": [
          {}
        ],
        "isMulticolor": false,
        "isMulticolor2": false,
        "grid": 0,
        "tags": [
          "search"
        ]
      },
      "attrs": [
        {}
      ],
      "properties": {
        "order": 271,
        "id": 0,
        "name": "search",
        "prevSize": 32,
        "code": 59649
      },
      "setIdx": 0,
      "setId": 17,
      "iconIdx": 1
    }
  ],
  "height": 1024,
  "metadata": {
    "name": ""
  },
  "preferences": {
    "showGlyphs": true,
    "showCodes": true,
    "showQuickUse": true,
    "showQuickUse2": true,
    "showSVGs": false,
    "fontPref": {
      "prefix": "icomoon-",
      "metadata": {
        "fontFamily": "",
        "majorVersion": 1,
        "minorVersion": 0
      },
      "metrics": {
        "emSize": 1024,
        "baseline": 6.25,
        "whitespace": 50
      },
      "embed": false,
      "noie8": false,
      "ie7": false
    },
    "imagePref": {
      "prefix": "icon-",
      "png": true,
      "useClassSelector": true,
      "color": 0,
      "bgColor": 16777215,
      "classSelector": ".icon"
    },
    "historySize": 100,
    "gridSize": 16,
    "showGrid": false
  }
}